epoch,avg_loss,recall,ndcg
5,0.21881825872221772,0.029515859766277127,0.010904812277248412
10,0.18094447238662212,0.031185308848080132,0.01174743137176374
15,0.15897595845036158,0.03485809682804675,0.013285006382705855
20,0.14180953552325568,0.03706176961602671,0.014398280221375705
25,0.12757138619009328,0.0389983305509182,0.015243270373740106
30,0.12019748037972418,0.041669449081803006,0.01604663824920804
35,0.10986952574252068,0.04387312186978297,0.01701220908347945
40,0.10358589254066247,0.04500834724540902,0.017481650873474777
45,0.0986423939593187,0.04707846410684474,0.018182097093437304
50,0.09487997441470218,0.04868113522537563,0.018763111959914355
55,0.09050949477292851,0.04981636060100167,0.01930288155444576
60,0.08788031821779045,0.05208681135225376,0.019918471926113027
65,0.0849189671377341,0.05248747913188648,0.019916243170453044
70,0.08359213773997462,0.05275459098497496,0.02017704706215751
75,0.08044678893028981,0.05502504173622705,0.02068690829881539
80,0.0783035695096668,0.05569282136894825,0.020907088726381366
85,0.07650089266450227,0.05642737896494157,0.021285620926904326
90,0.07444479429878953,0.05602671118530885,0.02115548253080301
95,0.07313558360764465,0.05662771285475793,0.0211097009029531
100,0.07386248127943805,0.05736227045075125,0.021536374094226873
105,0.07033801473499764,0.057762938230383976,0.021802476126185896
110,0.07003141522762321,0.058230383973288814,0.021786805619893004
115,0.0685872998037914,0.057762938230383976,0.021762895965171964
120,0.06734945320961427,0.058964941569282135,0.021927199706346285
125,0.06620902851933524,0.058631051752921534,0.022032534235250173
130,0.0642812028780681,0.05943238731218698,0.02212468735923984
135,0.06401793200041161,0.06056761268781302,0.022490331173248758
140,0.06321482370183075,0.05989983305509182,0.022172463599621724
145,0.06221904048734173,0.05963272120200334,0.022269966792756474
150,0.06147179644884301,0.059699499165275456,0.02231310862694224
